,월요일,화요일,수요일,목요일,금요일,토요일,일요일
0,참교육,여신강림,헬퍼 2 : 킬베로스,더 복서,외모지상주의,조조코믹스,싸움독학
1,신의 탑,용사가 돌아왔다,전지적 독자 시점,연애혁명,나 혼자 만렙 뉴비,호랑이형님,무서운게 딱좋아!
2,뷰티풀 군바리,덴큐,무서운게 딱좋아!,기기괴괴,유미의 세포들 외전 : 프로 직장인,프리드로우,수희0(tngmlek0)
3,윈드브레이커,한림체육관,조조코믹스,나노마신,갓 오브 하이스쿨,스퍼맨 : 전하지 못한 이야기,이번 생도 잘 부탁해
4,팔이피플,엽총소년,모죠의 일지,이두나!,데드퀸,모죠의 일지,열렙전사
5,소녀의 세계,하루만 네가 되고 싶어,캐슬,묵시의 인플루언서,1초,취사병 전설이 되다,약한영웅
6,장씨세가 호위무사,사신소년,튜토리얼 탑의 고인물,화이트 블러드,죽지 않으려면,광장,입학용병
7,백수세끼,중증외상센터 : 골든 아워,화산귀환,포식동물,개를 낳았다,망나니 소교주로 환생했다,투신전생기
8,파이게임,랜덤채팅의 그녀!,급식아빠,노답소녀,광마회귀,최면학교,어느날 갑자기 서울은
9,앵무살수,신도림,남주의 첫날밤을 가져버렸다,정글쥬스,서울역 드루이드,니나의 마법서랍,닥터앤닥터 육아일기
10,만렙돌파,니나의 마법서랍,여주실격!,겟백,식인귀,노곤하개,경자 전성시대
11,삼매경,달콤살벌한 부부,노곤하개,오빠세끼,말년용사,욕망일기,"곱게 키웠더니, 짐승"
12,잔불의 기사,헬58,세상은 돈과 권력,무사만리행,세기말 풋사과 보습학원,힙한남자,소녀재판
13,더블클릭,호랑이 들어와요,일렉시드,하드캐리,더 게이머,스터디그룹,천하제일인
14,요리GO,집이 없어,66666년 만에 환생한 흑마법사,마왕까지 한 걸음,여성전용헬스장 진달래짐,윌유메리미,오로지 너를 이기고 싶어
15,약초마을 연쇄살초사건,오피스 누나 이야기,연놈,던전 씹어먹는 아티팩트,구남친이 내게 반했다,나이트런,테러대부활
16,유일무이 로맨스,원주민 공포만화,닥터앤닥터 육아일기,트롤트랩,블랙 위도우,나를 바꿔줘,나만 보여!
17,칼가는 소녀,천마는 평범하게 살 수 없다,나쁜사람,신비,상남자,은둔코인,살아남은 로맨스
18,바퀴,몬스터,블랙홀과 3만원,흑막 여주가 날 새엄마로 만들려고 해,걸어서 30분,반드시 해피엔딩,샹치
19,히어로메이커,윌유메리미,고삼무쌍,쿠베라,플레이어,어글리후드,내일
20,결혼생활 그림일기,블랙 위도우,마른 가지에 바람처럼,최강전설 강해효,삼국지톡,탑코너,사실 마법이었던 거임
21,영앤리치가 아니야!,삼국지톡,밤낚시,별을 삼킨 너에게,그들이 사귀는 세상,좀비 파이트,마법스크롤 상인 지오
22,물어보는 사이,아이레,엔딩 후 서브남을 주웠다,시에라,히어로 킬러,피라미드 게임,별이삼샵
23,꼬리잡기,위아더좀비,빌드업,뜨거운 양철지붕 위의 고양이,환상의 용,청춘 블라썸,천치전능
24,오늘의 순정망화,하우스키퍼,원수를 사랑하라,아빠같은 남자,A.I. 닥터,지구식 구원자 전형,판사 이한영
25,ㅋㄷㅋㄷ만화,빌런투킬,괴물공작의 딸,선의의 경쟁,빨간맛 로맨스,태백 : 튜토리얼 맨,구름이 피워낸 꽃
26,홍천기,오늘의 순정망화,샹치,오늘의 순정망화,가슴털 로망스,지옥급식,벚꽃이 흩날릴 무렵
27,평범한 8반,견우와 선녀,하렘의 남자들,어느날 네가 떠올라!,역대급 영지 설계사,"나태 공자, 노력 천재 되다",합격시켜주세용
28,리턴 투 플레이어,이상형은 아닙니다,관종교장,완벽한 결혼의 정석,여우놀이,메트로헌터,로어 올림푸스
29,"아, 쫌 참으세요 영주님!","플레이, 플리",판타지 여동생!,폭탄주먹 변대장,미친 후작을 길들이고 말았다,아홉수 우리들,AI가 세상을 지배한다면
30,아는 여자애,용왕님의 셰프가 되었습니다,귀곡의 문,만물의 영장,감자마을,공유몽,예쁜 사나이
31,수영만화일기,아이즈,사상최강,안개무덤,그 기사가 레이디로 사는 법,왕년엔 용사님,강남도깨비
32,황제와의 하룻밤,교환학생,언덕 위의 제임스,네가 죽기를 바랄 때가 있었다,쌈빡,감 비서가 고장났다,취향 소개소
33,장난감,제로게임,탈영일지,불편한 관계,네버엔딩달링,웰캄투실버라이프,학교정벌
34,똑 닮은 딸,기계증식증,방탈출,마법사랑해,엽사:요괴사냥꾼,먹이,독립일기
35,꿈의 기업,3cm 헌터,마녀와 용의 신혼일기,수영만화일기,버그: 스티그마,단편.zip,혀로 만난 사이
36,순정말고 순종,성인초딩,아도나이,꽃만 키우는데 너무강함,피와 나비,남편을 만렙으로 키우려 합니다,동생친구
37,최후의 금빛아이,올가미,새벽 두 시의 신데렐라,길티액스,로판 빙의 만화,남자주인공의 여자사람친구입니다,평행도시
38,하루의 하루,정년이,오징어도 사랑이 되나요?,시월드 판타지,후덜덜덜 남극전자,군주,생존로그
39,와이키키 뱀파이어,은주의 방 2~3부,얼굴천재,마계인섬,다름이 아니라,왕세자 입학도,몸이 바뀌는 사정
40,야생천사 보호구역,빅맨,로어 올림푸스,THE 런웨이,인피니티,내게 필요한 NO맨스,아르세니아의 마법사
41,모스크바의 여명,악인,칼부림,롤랑롤랑,닥터 프로스트 시즌 3~4,함부로 대해줘,불순물
42,착한건 돈이된다,나타나주세요!,반귀,로그아웃,"주님, 악마가 되게 해주세요!",중매쟁이 아가 황녀님,거래하실래요?
43,사랑의 헌옷수거함,연우의 순정,범이올시다!,독립일기,악몽일기,"저무는 해, 시린 눈",잉여특공대
44,"선배, 그 립스틱 바르지 마요",열녀박씨 계약결혼뎐,여우담:스윗싱가포르,"그 개, 만두",사람의 조각,동네몬스터,전설의 화석
45,왕따협상,나는 어디에나 있다,속보입니다,성스러운 아이돌,너의 미소가 함정,같은 학교 친구,결혼까지 망상했어!
46,이중첩자,나의 플랏메이트,화가 살리에르,달의 요람,몽홀,율리,다시 또 봄
47,원하는 건 너 하나,숲속의 담,수요웹툰의 나강림,그 황제가 시곗바늘을 되돌린 사연,도무지 그애는,압락사스,데빌샷
48,백호랑,오파츠,사랑과 평강의 온달!,루커피쳐,거래,팔려 온 신부,짝사랑의 유서
49,"또다시, 계약 부부",태시트,반짝반짝 작은 눈,야만의 시대,태권보이,키스 식스 센스,사람은 고쳐 쓰는 게 아니야!
50,라서드,조선홍보대행사 조대박,무용과 남학생,겟라이프,방과후 선녀,오늘부터 천생연분,황제에게 하트를 심어주세요
51,마지막 지수,다꾸남,뱀은 꽃을 먹는가,어차피 남편은!,킬러방 : 퍼스트 킬,모두 너였다,패션쇼
52,사막에 핀 달,그녀석 정복기,웰컴 온보드,집사레인저,아찔한 전남편,"나를 길들여 봐, 차비서",굿 리스너
53,드로잉 레시피,안식의 밤,스캔들,소년의 기록,트럼프,더 나우,조선여우스캔들
54,중독연구소,자판귀,기억흔적,유리와 유리와 유리,빨리감기,좋은데 어떡해,가짜인간
55,살아간다,대신 심부름을 해다오,해귀,돌아온 여기사,썸내일,주욱 같은 하루,소녀 해미
56,이탄국의 자청비,급식러너,신선비,온새미로,팬시X팬시,도사 가온,독신마법사 기숙아파트
57,그림자 신부,완벽한 가족,저승사자 출입금지,혼모노트,백년게임,"안녕, 이바다씨","라커, 오프너"
58,모락모락 왕세자님,연애는 전쟁!,수상한 비밀상담부,온실 속 화초,꽃 피우는 남자,후아유!,위험한 신입사원
59,바로 보지 않는,언메이크,천도,평범한 낙원,나쁜 쪽으로,아가사,오늘 밤만 재워줘
60,개밥 먹는 남자,고등매직,구주,카루나,구주의 시간,2-3승강장,호수의 인어
61,헬로맨스,풋내기들,내 룸메이트는 마네킹,밤하늘에 구름운,"찬란하지 않아도 괜찮아, 새벽",인간졸업,제타
62,오로지 오로라,프린스 메이커,나의 계절,멸망X초이스,진짜 정말 맹세코 좋아해,아침을 지나 밤으로,데이즈
63,트리거,지원이들,시효완성,헬프미,합법해적 파르페,손 잡아 볼래?,푸른불꽃
64,보살님이 캐리해!,NG불가,,보물과 괴물의 도시,"행운을 빌어요, 용사님!",먹지마세요,샤인 스타
65,기사님을 지켜줘,피로만땅,,모어 라이프,강림전기 개정기,광해의 연인,가비지타임
66,,하나in세인,,바른탕진 프로젝트,매지컬 메디컬,,호시탐탐
67,,찐:종합게임동아리,,,도깨비 고개,,
68,,인문학적 감수성,,,,,
